{
    "products": [
      {
        "id": "1",
        "name": "Earphones",
        "rating": "4.5",
        "category": "Electronics"
      },
      {
        "id": "2",
        "name": "Lakme Lipstick",
        "rating": "5",
        "category": "Beauty"
      },
      {
        "id": "3",
        "name": "TV",
        "rating": "8",
        "category": "Electronics"
      },
      {
        "id": "4",
        "name": "Skincare",
        "rating": "7",
        "category": "Beauty"
      },
      {
        "id": "5",
        "name": "WirelessMouse",
        "rating": "6",
        "category": "Electronics"
      },
      {
        "id": "6",
        "name": "WeddingCards",
        "rating": "4",
        "category": "Giftcards"
      },
      {
        "id": "7",
        "name": "MarriageCards",
        "rating": "4.5",
        "category": "Giftcards"
      }
    ]
  }